<?xml version="1.0" encoding="UTF-8"?>
<project name="currencyprocess" default="all">
  
  
  <property file="currencyprocess.properties"/>
  <!-- Uncomment the following property if no tests compilation is needed -->
  <!-- 
  <property name="skip.tests" value="true"/>
   -->
  
  <!-- Compiler options -->
  
  <property name="compiler.debug" value="on"/>
  <property name="compiler.generate.no.warnings" value="off"/>
  <property name="compiler.args" value=""/>
  <property name="compiler.max.memory" value="700m"/>
  <patternset id="ignored.files">
    <exclude name="**/*.hprof/**"/>
    <exclude name="**/*.pyc/**"/>
    <exclude name="**/*.pyo/**"/>
    <exclude name="**/*.rbc/**"/>
    <exclude name="**/*.yarb/**"/>
    <exclude name="**/*~/**"/>
    <exclude name="**/.DS_Store/**"/>
    <exclude name="**/.git/**"/>
    <exclude name="**/.hg/**"/>
    <exclude name="**/.svn/**"/>
    <exclude name="**/CVS/**"/>
    <exclude name="**/__pycache__/**"/>
    <exclude name="**/_svn/**"/>
    <exclude name="**/vssver.scc/**"/>
    <exclude name="**/vssver2.scc/**"/>
  </patternset>
  <patternset id="library.patterns">
    <include name="*.egg"/>
    <include name="*.jar"/>
    <include name="*.ear"/>
    <include name="*.ane"/>
    <include name="*.klib"/>
    <include name="*.swc"/>
    <include name="*.war"/>
    <include name="*.zip"/>
  </patternset>
  <patternset id="compiler.resources">
    <exclude name="**/?*.java"/>
    <exclude name="**/?*.form"/>
    <exclude name="**/?*.class"/>
    <exclude name="**/?*.groovy"/>
    <exclude name="**/?*.scala"/>
    <exclude name="**/?*.flex"/>
    <exclude name="**/?*.kt"/>
    <exclude name="**/?*.clj"/>
    <exclude name="**/?*.aj"/>
  </patternset>
  
  <!-- JDK definitions -->
  
  <property name="jdk.bin.1.8" value="${jdk.home.1.8}/bin"/>
  <path id="jdk.classpath.1.8">
    <fileset dir="${jdk.home.1.8}">
      <include name="jre/lib/charsets.jar"/>
      <include name="jre/lib/deploy.jar"/>
      <include name="jre/lib/ext/access-bridge-64.jar"/>
      <include name="jre/lib/ext/cldrdata.jar"/>
      <include name="jre/lib/ext/dnsns.jar"/>
      <include name="jre/lib/ext/jaccess.jar"/>
      <include name="jre/lib/ext/jfxrt.jar"/>
      <include name="jre/lib/ext/localedata.jar"/>
      <include name="jre/lib/ext/nashorn.jar"/>
      <include name="jre/lib/ext/sunec.jar"/>
      <include name="jre/lib/ext/sunjce_provider.jar"/>
      <include name="jre/lib/ext/sunmscapi.jar"/>
      <include name="jre/lib/ext/sunpkcs11.jar"/>
      <include name="jre/lib/ext/zipfs.jar"/>
      <include name="jre/lib/javaws.jar"/>
      <include name="jre/lib/jce.jar"/>
      <include name="jre/lib/jfr.jar"/>
      <include name="jre/lib/jfxswt.jar"/>
      <include name="jre/lib/jsse.jar"/>
      <include name="jre/lib/management-agent.jar"/>
      <include name="jre/lib/plugin.jar"/>
      <include name="jre/lib/resources.jar"/>
      <include name="jre/lib/rt.jar"/>
    </fileset>
  </path>
  
  <property name="project.jdk.home" value="${jdk.home.1.8}"/>
  <property name="project.jdk.bin" value="${jdk.bin.1.8}"/>
  <property name="project.jdk.classpath" value="jdk.classpath.1.8"/>
  
  
  <!-- Project Libraries -->
  
  <path id="library.maven:_junit:junit:4.12.classpath">
    <pathelement location="C:/Users/Murthy/.m2/repository/junit/junit/4.12/junit-4.12.jar"/>
  </path>
  
  <path id="library.maven:_org.apiguardian:apiguardian-api:1.1.1.classpath">
    <pathelement location="C:/Users/Murthy/.m2/repository/org/apiguardian/apiguardian-api/1.1.1/apiguardian-api-1.1.1.jar"/>
  </path>
  
  <path id="library.maven:_org.hamcrest:hamcrest-core:1.3.classpath">
    <pathelement location="C:/Users/Murthy/.m2/repository/org/hamcrest/hamcrest-core/1.3/hamcrest-core-1.3.jar"/>
  </path>
  
  <path id="library.maven:_org.jetbrains.kotlin:kotlin-stdlib-common:1.4.20.classpath">
    <pathelement location="C:/Users/Murthy/.m2/repository/org/jetbrains/kotlin/kotlin-stdlib-common/1.4.20/kotlin-stdlib-common-1.4.20.jar"/>
  </path>
  
  <path id="library.maven:_org.jetbrains.kotlin:kotlin-stdlib-jdk7:1.4.20.classpath">
    <pathelement location="C:/Users/Murthy/.m2/repository/org/jetbrains/kotlin/kotlin-stdlib-jdk7/1.4.20/kotlin-stdlib-jdk7-1.4.20.jar"/>
  </path>
  
  <path id="library.maven:_org.jetbrains.kotlin:kotlin-stdlib-jdk8:1.4.20.classpath">
    <pathelement location="C:/Users/Murthy/.m2/repository/org/jetbrains/kotlin/kotlin-stdlib-jdk8/1.4.20/kotlin-stdlib-jdk8-1.4.20.jar"/>
  </path>
  
  <path id="library.maven:_org.jetbrains.kotlin:kotlin-stdlib:1.4.20.classpath">
    <pathelement location="C:/Users/Murthy/.m2/repository/org/jetbrains/kotlin/kotlin-stdlib/1.4.20/kotlin-stdlib-1.4.20.jar"/>
  </path>
  
  <path id="library.maven:_org.jetbrains:annotations:13.0.classpath">
    <pathelement location="C:/Users/Murthy/.m2/repository/org/jetbrains/annotations/13.0/annotations-13.0.jar"/>
  </path>
  
  <path id="library.maven:_org.junit.jupiter:junit-jupiter-api:5.8.0-m1.classpath">
    <pathelement location="C:/Users/Murthy/.m2/repository/org/junit/jupiter/junit-jupiter-api/5.8.0-M1/junit-jupiter-api-5.8.0-M1.jar"/>
  </path>
  
  <path id="library.maven:_org.junit.jupiter:junit-jupiter-engine:5.8.0-m1.classpath">
    <pathelement location="C:/Users/Murthy/.m2/repository/org/junit/jupiter/junit-jupiter-engine/5.8.0-M1/junit-jupiter-engine-5.8.0-M1.jar"/>
  </path>
  
  <path id="library.maven:_org.junit.jupiter:junit-jupiter-params:5.8.0-m1.classpath">
    <pathelement location="C:/Users/Murthy/.m2/repository/org/junit/jupiter/junit-jupiter-params/5.8.0-M1/junit-jupiter-params-5.8.0-M1.jar"/>
  </path>
  
  <path id="library.maven:_org.junit.jupiter:junit-jupiter:5.8.0-m1.classpath">
    <pathelement location="C:/Users/Murthy/.m2/repository/org/junit/jupiter/junit-jupiter/5.8.0-M1/junit-jupiter-5.8.0-M1.jar"/>
  </path>
  
  <path id="library.maven:_org.junit.platform:junit-platform-commons:1.8.0-m1.classpath">
    <pathelement location="C:/Users/Murthy/.m2/repository/org/junit/platform/junit-platform-commons/1.8.0-M1/junit-platform-commons-1.8.0-M1.jar"/>
  </path>
  
  <path id="library.maven:_org.junit.platform:junit-platform-engine:1.8.0-m1.classpath">
    <pathelement location="C:/Users/Murthy/.m2/repository/org/junit/platform/junit-platform-engine/1.8.0-M1/junit-platform-engine-1.8.0-M1.jar"/>
  </path>
  
  <path id="library.maven:_org.opentest4j:opentest4j:1.2.0.classpath">
    <pathelement location="C:/Users/Murthy/.m2/repository/org/opentest4j/opentest4j/1.2.0/opentest4j-1.2.0.jar"/>
  </path>
  
  
  <!-- Global Libraries -->
  <!-- Register Custom Compiler Taskdefs -->
  <property name="javac2.home" value="${idea.home}/lib"/>
  <path id="javac2.classpath">
    <fileset dir="${javac2.home}">
      <include name="javac2.jar"/>
      <include name="jdom.jar"/>
      <include name="asm-all*.jar"/>
      <include name="forms-*.jar"/>
    </fileset>
  </path>
  <target name="register.custom.compilers">
    <taskdef name="javac2" classname="com.intellij.ant.Javac2" classpathref="javac2.classpath"/>
    <taskdef name="instrumentIdeaExtensions" classname="com.intellij.ant.InstrumentIdeaExtensions" classpathref="javac2.classpath"/>
  </target>
  
  <!-- Modules -->
  
  <import file="${basedir}/module_currencyprocess.xml"/>
  
  <target name="init" description="Build initialization">
    <!-- Perform any build initialization in this target -->
  </target>
  
  <target name="clean" depends="clean.module.currencyprocess" description="cleanup all"/>
  
  <target name="build.modules" depends="init, clean, compile.module.currencyprocess" description="build all modules"/>
  
  <target name="all" depends="build.modules" description="build all"/>
</project>